BOROUGH,percent_recycled
Bronx,0.18746816439281466
Brooklyn,0.2244505433292639
Manhattan,0.3102248086406134
Queens,0.24448665036961148
Staten Island,0.2563440864051629
